# activity_index; type; from_event; to_event; lower_bound; upper_bound
1; "drive"; 1; 2; 3; 4
2; "wait"; 2; 3; 1; 3
3; "drive"; 3; 4; 1; 3
4; "wait"; 4; 5; 1; 3
5; "drive"; 5; 6; 6; 8
6; "drive"; 7; 8; 3; 4
7; "wait"; 8; 9; 1; 3
8; "drive"; 9; 10; 1; 3
9; "wait"; 10; 11; 1; 3
10; "drive"; 11; 12; 6; 8
11; "drive"; 13; 14; 3; 4
12; "wait"; 14; 15; 1; 3
13; "drive"; 15; 16; 1; 3
14; "wait"; 16; 17; 1; 3
15; "drive"; 17; 18; 6; 8
16; "drive"; 19; 20; 6; 8
17; "wait"; 20; 21; 1; 3
18; "drive"; 21; 22; 1; 3
19; "wait"; 22; 23; 1; 3
20; "drive"; 23; 24; 3; 4
21; "drive"; 25; 26; 6; 8
22; "wait"; 26; 27; 1; 3
23; "drive"; 27; 28; 1; 3
24; "wait"; 28; 29; 1; 3
25; "drive"; 29; 30; 3; 4
26; "drive"; 31; 32; 6; 8
27; "wait"; 32; 33; 1; 3
28; "drive"; 33; 34; 1; 3
29; "wait"; 34; 35; 1; 3
30; "drive"; 35; 36; 3; 4
31; "drive"; 37; 38; 2; 2
32; "drive"; 39; 40; 2; 2
33; "drive"; 41; 42; 2; 2
34; "drive"; 43; 44; 2; 2
35; "drive"; 45; 46; 1; 3
36; "wait"; 46; 47; 1; 3
37; "drive"; 47; 48; 2; 2
38; "drive"; 49; 50; 1; 3
39; "wait"; 50; 51; 1; 3
40; "drive"; 51; 52; 2; 2
41; "drive"; 53; 54; 1; 3
42; "wait"; 54; 55; 1; 3
43; "drive"; 55; 56; 2; 2
44; "drive"; 57; 58; 1; 3
45; "wait"; 58; 59; 1; 3
46; "drive"; 59; 60; 2; 2
47; "drive"; 61; 62; 2; 2
48; "wait"; 62; 63; 1; 3
49; "drive"; 63; 64; 1; 3
50; "drive"; 65; 66; 2; 2
51; "wait"; 66; 67; 1; 3
52; "drive"; 67; 68; 1; 3
53; "drive"; 69; 70; 2; 2
54; "wait"; 70; 71; 1; 3
55; "drive"; 71; 72; 1; 3
56; "drive"; 73; 74; 2; 2
57; "wait"; 74; 75; 1; 3
58; "drive"; 75; 76; 1; 3
59; "drive"; 77; 78; 3; 4
60; "wait"; 78; 79; 1; 3
61; "drive"; 79; 80; 4; 5
62; "drive"; 81; 82; 4; 5
63; "wait"; 82; 83; 1; 3
64; "drive"; 83; 84; 3; 4
65; "drive"; 85; 86; 3; 9
66; "wait"; 86; 87; 1; 3
67; "drive"; 87; 88; 2; 2
68; "wait"; 88; 89; 1; 3
69; "drive"; 89; 90; 1; 3
70; "drive"; 91; 92; 1; 3
71; "wait"; 92; 93; 1; 3
72; "drive"; 93; 94; 2; 2
73; "wait"; 94; 95; 1; 3
74; "drive"; 95; 96; 3; 9
75; "drive"; 97; 98; 5; 7
76; "wait"; 98; 99; 1; 3
77; "drive"; 99; 100; 4; 5
78; "wait"; 100; 101; 1; 3
79; "drive"; 101; 102; 3; 9
80; "wait"; 102; 103; 1; 3
81; "drive"; 103; 104; 2; 2
82; "wait"; 104; 105; 1; 3
83; "drive"; 105; 106; 4; 6
84; "drive"; 107; 108; 5; 7
85; "wait"; 108; 109; 1; 3
86; "drive"; 109; 110; 4; 5
87; "wait"; 110; 111; 1; 3
88; "drive"; 111; 112; 3; 9
89; "wait"; 112; 113; 1; 3
90; "drive"; 113; 114; 2; 2
91; "wait"; 114; 115; 1; 3
92; "drive"; 115; 116; 4; 6
93; "drive"; 117; 118; 5; 7
94; "wait"; 118; 119; 1; 3
95; "drive"; 119; 120; 4; 5
96; "wait"; 120; 121; 1; 3
97; "drive"; 121; 122; 3; 9
98; "wait"; 122; 123; 1; 3
99; "drive"; 123; 124; 2; 2
100; "wait"; 124; 125; 1; 3
101; "drive"; 125; 126; 4; 6
102; "drive"; 127; 128; 4; 6
103; "wait"; 128; 129; 1; 3
104; "drive"; 129; 130; 2; 2
105; "wait"; 130; 131; 1; 3
106; "drive"; 131; 132; 3; 9
107; "wait"; 132; 133; 1; 3
108; "drive"; 133; 134; 4; 5
109; "wait"; 134; 135; 1; 3
110; "drive"; 135; 136; 5; 7
111; "drive"; 137; 138; 4; 6
112; "wait"; 138; 139; 1; 3
113; "drive"; 139; 140; 2; 2
114; "wait"; 140; 141; 1; 3
115; "drive"; 141; 142; 3; 9
116; "wait"; 142; 143; 1; 3
117; "drive"; 143; 144; 4; 5
118; "wait"; 144; 145; 1; 3
119; "drive"; 145; 146; 5; 7
120; "drive"; 147; 148; 4; 6
121; "wait"; 148; 149; 1; 3
122; "drive"; 149; 150; 2; 2
123; "wait"; 150; 151; 1; 3
124; "drive"; 151; 152; 3; 9
125; "wait"; 152; 153; 1; 3
126; "drive"; 153; 154; 4; 5
127; "wait"; 154; 155; 1; 3
128; "drive"; 155; 156; 5; 7
129; "sync"; 1; 7; 20; 20
130; "sync"; 2; 8; 20; 20
131; "sync"; 3; 9; 20; 20
132; "sync"; 4; 10; 20; 20
133; "sync"; 5; 11; 20; 20
134; "sync"; 6; 12; 20; 20
135; "sync"; 7; 13; 20; 20
136; "sync"; 8; 14; 20; 20
137; "sync"; 9; 15; 20; 20
138; "sync"; 10; 16; 20; 20
139; "sync"; 11; 17; 20; 20
140; "sync"; 12; 18; 20; 20
141; "sync"; 19; 25; 20; 20
142; "sync"; 20; 26; 20; 20
143; "sync"; 21; 27; 20; 20
144; "sync"; 22; 28; 20; 20
145; "sync"; 23; 29; 20; 20
146; "sync"; 24; 30; 20; 20
147; "sync"; 25; 31; 20; 20
148; "sync"; 26; 32; 20; 20
149; "sync"; 27; 33; 20; 20
150; "sync"; 28; 34; 20; 20
151; "sync"; 29; 35; 20; 20
152; "sync"; 30; 36; 20; 20
153; "sync"; 37; 39; 30; 30
154; "sync"; 38; 40; 30; 30
155; "sync"; 41; 43; 30; 30
156; "sync"; 42; 44; 30; 30
157; "sync"; 45; 49; 15; 15
158; "sync"; 46; 50; 15; 15
159; "sync"; 47; 51; 15; 15
160; "sync"; 48; 52; 15; 15
161; "sync"; 49; 53; 15; 15
162; "sync"; 50; 54; 15; 15
163; "sync"; 51; 55; 15; 15
164; "sync"; 52; 56; 15; 15
165; "sync"; 53; 57; 15; 15
166; "sync"; 54; 58; 15; 15
167; "sync"; 55; 59; 15; 15
168; "sync"; 56; 60; 15; 15
169; "sync"; 61; 65; 15; 15
170; "sync"; 62; 66; 15; 15
171; "sync"; 63; 67; 15; 15
172; "sync"; 64; 68; 15; 15
173; "sync"; 65; 69; 15; 15
174; "sync"; 66; 70; 15; 15
175; "sync"; 67; 71; 15; 15
176; "sync"; 68; 72; 15; 15
177; "sync"; 69; 73; 15; 15
178; "sync"; 70; 74; 15; 15
179; "sync"; 71; 75; 15; 15
180; "sync"; 72; 76; 15; 15
181; "sync"; 97; 107; 20; 20
182; "sync"; 98; 108; 20; 20
183; "sync"; 99; 109; 20; 20
184; "sync"; 100; 110; 20; 20
185; "sync"; 101; 111; 20; 20
186; "sync"; 102; 112; 20; 20
187; "sync"; 103; 113; 20; 20
188; "sync"; 104; 114; 20; 20
189; "sync"; 105; 115; 20; 20
190; "sync"; 106; 116; 20; 20
191; "sync"; 107; 117; 20; 20
192; "sync"; 108; 118; 20; 20
193; "sync"; 109; 119; 20; 20
194; "sync"; 110; 120; 20; 20
195; "sync"; 111; 121; 20; 20
196; "sync"; 112; 122; 20; 20
197; "sync"; 113; 123; 20; 20
198; "sync"; 114; 124; 20; 20
199; "sync"; 115; 125; 20; 20
200; "sync"; 116; 126; 20; 20
201; "sync"; 127; 137; 20; 20
202; "sync"; 128; 138; 20; 20
203; "sync"; 129; 139; 20; 20
204; "sync"; 130; 140; 20; 20
205; "sync"; 131; 141; 20; 20
206; "sync"; 132; 142; 20; 20
207; "sync"; 133; 143; 20; 20
208; "sync"; 134; 144; 20; 20
209; "sync"; 135; 145; 20; 20
210; "sync"; 136; 146; 20; 20
211; "sync"; 137; 147; 20; 20
212; "sync"; 138; 148; 20; 20
213; "sync"; 139; 149; 20; 20
214; "sync"; 140; 150; 20; 20
215; "sync"; 141; 151; 20; 20
216; "sync"; 142; 152; 20; 20
217; "sync"; 143; 153; 20; 20
218; "sync"; 144; 154; 20; 20
219; "sync"; 145; 155; 20; 20
220; "sync"; 146; 156; 20; 20
221; "change"; 2; 45; 3; 62
222; "change"; 2; 49; 3; 62
223; "change"; 2; 53; 3; 62
224; "change"; 2; 57; 3; 62
225; "change"; 2; 79; 3; 62
226; "change"; 2; 83; 3; 62
227; "change"; 2; 91; 3; 62
228; "change"; 2; 99; 3; 62
229; "change"; 2; 109; 3; 62
230; "change"; 2; 119; 3; 62
231; "change"; 2; 135; 3; 62
232; "change"; 2; 145; 3; 62
233; "change"; 2; 155; 3; 62
234; "change"; 4; 41; 3; 62
235; "change"; 4; 43; 3; 62
236; "change"; 4; 47; 3; 62
237; "change"; 4; 51; 3; 62
238; "change"; 4; 55; 3; 62
239; "change"; 4; 59; 3; 62
240; "change"; 4; 63; 3; 62
241; "change"; 4; 67; 3; 62
242; "change"; 4; 71; 3; 62
243; "change"; 4; 75; 3; 62
244; "change"; 4; 89; 3; 62
245; "change"; 4; 93; 3; 62
246; "change"; 4; 105; 3; 62
247; "change"; 4; 115; 3; 62
248; "change"; 4; 125; 3; 62
249; "change"; 4; 129; 3; 62
250; "change"; 4; 139; 3; 62
251; "change"; 4; 149; 3; 62
252; "change"; 8; 45; 3; 62
253; "change"; 8; 49; 3; 62
254; "change"; 8; 53; 3; 62
255; "change"; 8; 57; 3; 62
256; "change"; 8; 79; 3; 62
257; "change"; 8; 83; 3; 62
258; "change"; 8; 91; 3; 62
259; "change"; 8; 99; 3; 62
260; "change"; 8; 109; 3; 62
261; "change"; 8; 119; 3; 62
262; "change"; 8; 135; 3; 62
263; "change"; 8; 145; 3; 62
264; "change"; 8; 155; 3; 62
265; "change"; 10; 41; 3; 62
266; "change"; 10; 43; 3; 62
267; "change"; 10; 47; 3; 62
268; "change"; 10; 51; 3; 62
269; "change"; 10; 55; 3; 62
270; "change"; 10; 59; 3; 62
271; "change"; 10; 63; 3; 62
272; "change"; 10; 67; 3; 62
273; "change"; 10; 71; 3; 62
274; "change"; 10; 75; 3; 62
275; "change"; 10; 89; 3; 62
276; "change"; 10; 93; 3; 62
277; "change"; 10; 105; 3; 62
278; "change"; 10; 115; 3; 62
279; "change"; 10; 125; 3; 62
280; "change"; 10; 129; 3; 62
281; "change"; 10; 139; 3; 62
282; "change"; 10; 149; 3; 62
283; "change"; 14; 45; 3; 62
284; "change"; 14; 49; 3; 62
285; "change"; 14; 53; 3; 62
286; "change"; 14; 57; 3; 62
287; "change"; 14; 79; 3; 62
288; "change"; 14; 83; 3; 62
289; "change"; 14; 91; 3; 62
290; "change"; 14; 99; 3; 62
291; "change"; 14; 109; 3; 62
292; "change"; 14; 119; 3; 62
293; "change"; 14; 135; 3; 62
294; "change"; 14; 145; 3; 62
295; "change"; 14; 155; 3; 62
296; "change"; 16; 41; 3; 62
297; "change"; 16; 43; 3; 62
298; "change"; 16; 47; 3; 62
299; "change"; 16; 51; 3; 62
300; "change"; 16; 55; 3; 62
301; "change"; 16; 59; 3; 62
302; "change"; 16; 63; 3; 62
303; "change"; 16; 67; 3; 62
304; "change"; 16; 71; 3; 62
305; "change"; 16; 75; 3; 62
306; "change"; 16; 89; 3; 62
307; "change"; 16; 93; 3; 62
308; "change"; 16; 105; 3; 62
309; "change"; 16; 115; 3; 62
310; "change"; 16; 125; 3; 62
311; "change"; 16; 129; 3; 62
312; "change"; 16; 139; 3; 62
313; "change"; 16; 149; 3; 62
314; "change"; 20; 41; 3; 62
315; "change"; 20; 43; 3; 62
316; "change"; 20; 47; 3; 62
317; "change"; 20; 51; 3; 62
318; "change"; 20; 55; 3; 62
319; "change"; 20; 59; 3; 62
320; "change"; 20; 63; 3; 62
321; "change"; 20; 67; 3; 62
322; "change"; 20; 71; 3; 62
323; "change"; 20; 75; 3; 62
324; "change"; 20; 89; 3; 62
325; "change"; 20; 93; 3; 62
326; "change"; 20; 105; 3; 62
327; "change"; 20; 115; 3; 62
328; "change"; 20; 125; 3; 62
329; "change"; 20; 129; 3; 62
330; "change"; 20; 139; 3; 62
331; "change"; 20; 149; 3; 62
332; "change"; 22; 45; 3; 62
333; "change"; 22; 49; 3; 62
334; "change"; 22; 53; 3; 62
335; "change"; 22; 57; 3; 62
336; "change"; 22; 79; 3; 62
337; "change"; 22; 83; 3; 62
338; "change"; 22; 91; 3; 62
339; "change"; 22; 99; 3; 62
340; "change"; 22; 109; 3; 62
341; "change"; 22; 119; 3; 62
342; "change"; 22; 135; 3; 62
343; "change"; 22; 145; 3; 62
344; "change"; 22; 155; 3; 62
345; "change"; 24; 77; 3; 62
346; "change"; 26; 41; 3; 62
347; "change"; 26; 43; 3; 62
348; "change"; 26; 47; 3; 62
349; "change"; 26; 51; 3; 62
350; "change"; 26; 55; 3; 62
351; "change"; 26; 59; 3; 62
352; "change"; 26; 63; 3; 62
353; "change"; 26; 67; 3; 62
354; "change"; 26; 71; 3; 62
355; "change"; 26; 75; 3; 62
356; "change"; 26; 89; 3; 62
357; "change"; 26; 93; 3; 62
358; "change"; 26; 105; 3; 62
359; "change"; 26; 115; 3; 62
360; "change"; 26; 125; 3; 62
361; "change"; 26; 129; 3; 62
362; "change"; 26; 139; 3; 62
363; "change"; 26; 149; 3; 62
364; "change"; 28; 45; 3; 62
365; "change"; 28; 49; 3; 62
366; "change"; 28; 53; 3; 62
367; "change"; 28; 57; 3; 62
368; "change"; 28; 79; 3; 62
369; "change"; 28; 83; 3; 62
370; "change"; 28; 91; 3; 62
371; "change"; 28; 99; 3; 62
372; "change"; 28; 109; 3; 62
373; "change"; 28; 119; 3; 62
374; "change"; 28; 135; 3; 62
375; "change"; 28; 145; 3; 62
376; "change"; 28; 155; 3; 62
377; "change"; 30; 77; 3; 62
378; "change"; 32; 41; 3; 62
379; "change"; 32; 43; 3; 62
380; "change"; 32; 47; 3; 62
381; "change"; 32; 51; 3; 62
382; "change"; 32; 55; 3; 62
383; "change"; 32; 59; 3; 62
384; "change"; 32; 63; 3; 62
385; "change"; 32; 67; 3; 62
386; "change"; 32; 71; 3; 62
387; "change"; 32; 75; 3; 62
388; "change"; 32; 89; 3; 62
389; "change"; 32; 93; 3; 62
390; "change"; 32; 105; 3; 62
391; "change"; 32; 115; 3; 62
392; "change"; 32; 125; 3; 62
393; "change"; 32; 129; 3; 62
394; "change"; 32; 139; 3; 62
395; "change"; 32; 149; 3; 62
396; "change"; 34; 45; 3; 62
397; "change"; 34; 49; 3; 62
398; "change"; 34; 53; 3; 62
399; "change"; 34; 57; 3; 62
400; "change"; 34; 79; 3; 62
401; "change"; 34; 83; 3; 62
402; "change"; 34; 91; 3; 62
403; "change"; 34; 99; 3; 62
404; "change"; 34; 109; 3; 62
405; "change"; 34; 119; 3; 62
406; "change"; 34; 135; 3; 62
407; "change"; 34; 145; 3; 62
408; "change"; 34; 155; 3; 62
409; "change"; 36; 77; 3; 62
410; "change"; 38; 5; 3; 62
411; "change"; 38; 11; 3; 62
412; "change"; 38; 17; 3; 62
413; "change"; 38; 21; 3; 62
414; "change"; 38; 27; 3; 62
415; "change"; 38; 33; 3; 62
416; "change"; 38; 47; 3; 62
417; "change"; 38; 51; 3; 62
418; "change"; 38; 55; 3; 62
419; "change"; 38; 59; 3; 62
420; "change"; 38; 63; 3; 62
421; "change"; 38; 67; 3; 62
422; "change"; 38; 71; 3; 62
423; "change"; 38; 75; 3; 62
424; "change"; 38; 89; 3; 62
425; "change"; 38; 93; 3; 62
426; "change"; 38; 105; 3; 62
427; "change"; 38; 115; 3; 62
428; "change"; 38; 125; 3; 62
429; "change"; 38; 129; 3; 62
430; "change"; 38; 139; 3; 62
431; "change"; 38; 149; 3; 62
432; "change"; 40; 5; 3; 62
433; "change"; 40; 11; 3; 62
434; "change"; 40; 17; 3; 62
435; "change"; 40; 21; 3; 62
436; "change"; 40; 27; 3; 62
437; "change"; 40; 33; 3; 62
438; "change"; 40; 47; 3; 62
439; "change"; 40; 51; 3; 62
440; "change"; 40; 55; 3; 62
441; "change"; 40; 59; 3; 62
442; "change"; 40; 63; 3; 62
443; "change"; 40; 67; 3; 62
444; "change"; 40; 71; 3; 62
445; "change"; 40; 75; 3; 62
446; "change"; 40; 89; 3; 62
447; "change"; 40; 93; 3; 62
448; "change"; 40; 105; 3; 62
449; "change"; 40; 115; 3; 62
450; "change"; 40; 125; 3; 62
451; "change"; 40; 129; 3; 62
452; "change"; 40; 139; 3; 62
453; "change"; 40; 149; 3; 62
454; "change"; 42; 61; 3; 62
455; "change"; 42; 65; 3; 62
456; "change"; 42; 69; 3; 62
457; "change"; 42; 73; 3; 62
458; "change"; 42; 87; 3; 62
459; "change"; 42; 95; 3; 62
460; "change"; 42; 103; 3; 62
461; "change"; 42; 113; 3; 62
462; "change"; 42; 123; 3; 62
463; "change"; 42; 131; 3; 62
464; "change"; 42; 141; 3; 62
465; "change"; 42; 151; 3; 62
466; "change"; 44; 61; 3; 62
467; "change"; 44; 65; 3; 62
468; "change"; 44; 69; 3; 62
469; "change"; 44; 73; 3; 62
470; "change"; 44; 87; 3; 62
471; "change"; 44; 95; 3; 62
472; "change"; 44; 103; 3; 62
473; "change"; 44; 113; 3; 62
474; "change"; 44; 123; 3; 62
475; "change"; 44; 131; 3; 62
476; "change"; 44; 141; 3; 62
477; "change"; 44; 151; 3; 62
478; "change"; 46; 5; 3; 62
479; "change"; 46; 11; 3; 62
480; "change"; 46; 17; 3; 62
481; "change"; 46; 21; 3; 62
482; "change"; 46; 27; 3; 62
483; "change"; 46; 33; 3; 62
484; "change"; 46; 41; 3; 62
485; "change"; 46; 43; 3; 62
486; "change"; 46; 89; 3; 62
487; "change"; 46; 93; 3; 62
488; "change"; 46; 105; 3; 62
489; "change"; 46; 115; 3; 62
490; "change"; 46; 125; 3; 62
491; "change"; 46; 129; 3; 62
492; "change"; 46; 139; 3; 62
493; "change"; 46; 149; 3; 62
494; "change"; 48; 37; 3; 62
495; "change"; 48; 39; 3; 62
496; "change"; 48; 87; 3; 62
497; "change"; 48; 95; 3; 62
498; "change"; 48; 103; 3; 62
499; "change"; 48; 113; 3; 62
500; "change"; 48; 123; 3; 62
501; "change"; 48; 131; 3; 62
502; "change"; 48; 141; 3; 62
503; "change"; 48; 151; 3; 62
504; "change"; 50; 5; 3; 62
505; "change"; 50; 11; 3; 62
506; "change"; 50; 17; 3; 62
507; "change"; 50; 21; 3; 62
508; "change"; 50; 27; 3; 62
509; "change"; 50; 33; 3; 62
510; "change"; 50; 41; 3; 62
511; "change"; 50; 43; 3; 62
512; "change"; 50; 89; 3; 62
513; "change"; 50; 93; 3; 62
514; "change"; 50; 105; 3; 62
515; "change"; 50; 115; 3; 62
516; "change"; 50; 125; 3; 62
517; "change"; 50; 129; 3; 62
518; "change"; 50; 139; 3; 62
519; "change"; 50; 149; 3; 62
520; "change"; 52; 37; 3; 62
521; "change"; 52; 39; 3; 62
522; "change"; 52; 87; 3; 62
523; "change"; 52; 95; 3; 62
524; "change"; 52; 103; 3; 62
525; "change"; 52; 113; 3; 62
526; "change"; 52; 123; 3; 62
527; "change"; 52; 131; 3; 62
528; "change"; 52; 141; 3; 62
529; "change"; 52; 151; 3; 62
530; "change"; 54; 5; 3; 62
531; "change"; 54; 11; 3; 62
532; "change"; 54; 17; 3; 62
533; "change"; 54; 21; 3; 62
534; "change"; 54; 27; 3; 62
535; "change"; 54; 33; 3; 62
536; "change"; 54; 41; 3; 62
537; "change"; 54; 43; 3; 62
538; "change"; 54; 89; 3; 62
539; "change"; 54; 93; 3; 62
540; "change"; 54; 105; 3; 62
541; "change"; 54; 115; 3; 62
542; "change"; 54; 125; 3; 62
543; "change"; 54; 129; 3; 62
544; "change"; 54; 139; 3; 62
545; "change"; 54; 149; 3; 62
546; "change"; 56; 37; 3; 62
547; "change"; 56; 39; 3; 62
548; "change"; 56; 87; 3; 62
549; "change"; 56; 95; 3; 62
550; "change"; 56; 103; 3; 62
551; "change"; 56; 113; 3; 62
552; "change"; 56; 123; 3; 62
553; "change"; 56; 131; 3; 62
554; "change"; 56; 141; 3; 62
555; "change"; 56; 151; 3; 62
556; "change"; 58; 5; 3; 62
557; "change"; 58; 11; 3; 62
558; "change"; 58; 17; 3; 62
559; "change"; 58; 21; 3; 62
560; "change"; 58; 27; 3; 62
561; "change"; 58; 33; 3; 62
562; "change"; 58; 41; 3; 62
563; "change"; 58; 43; 3; 62
564; "change"; 58; 89; 3; 62
565; "change"; 58; 93; 3; 62
566; "change"; 58; 105; 3; 62
567; "change"; 58; 115; 3; 62
568; "change"; 58; 125; 3; 62
569; "change"; 58; 129; 3; 62
570; "change"; 58; 139; 3; 62
571; "change"; 58; 149; 3; 62
572; "change"; 60; 37; 3; 62
573; "change"; 60; 39; 3; 62
574; "change"; 60; 87; 3; 62
575; "change"; 60; 95; 3; 62
576; "change"; 60; 103; 3; 62
577; "change"; 60; 113; 3; 62
578; "change"; 60; 123; 3; 62
579; "change"; 60; 131; 3; 62
580; "change"; 60; 141; 3; 62
581; "change"; 60; 151; 3; 62
582; "change"; 62; 5; 3; 62
583; "change"; 62; 11; 3; 62
584; "change"; 62; 17; 3; 62
585; "change"; 62; 21; 3; 62
586; "change"; 62; 27; 3; 62
587; "change"; 62; 33; 3; 62
588; "change"; 62; 41; 3; 62
589; "change"; 62; 43; 3; 62
590; "change"; 62; 89; 3; 62
591; "change"; 62; 93; 3; 62
592; "change"; 62; 105; 3; 62
593; "change"; 62; 115; 3; 62
594; "change"; 62; 125; 3; 62
595; "change"; 62; 129; 3; 62
596; "change"; 62; 139; 3; 62
597; "change"; 62; 149; 3; 62
598; "change"; 64; 3; 3; 62
599; "change"; 64; 9; 3; 62
600; "change"; 64; 15; 3; 62
601; "change"; 64; 23; 3; 62
602; "change"; 64; 29; 3; 62
603; "change"; 64; 35; 3; 62
604; "change"; 64; 79; 3; 62
605; "change"; 64; 83; 3; 62
606; "change"; 64; 91; 3; 62
607; "change"; 64; 99; 3; 62
608; "change"; 64; 109; 3; 62
609; "change"; 64; 119; 3; 62
610; "change"; 64; 135; 3; 62
611; "change"; 64; 145; 3; 62
612; "change"; 64; 155; 3; 62
613; "change"; 66; 5; 3; 62
614; "change"; 66; 11; 3; 62
615; "change"; 66; 17; 3; 62
616; "change"; 66; 21; 3; 62
617; "change"; 66; 27; 3; 62
618; "change"; 66; 33; 3; 62
619; "change"; 66; 41; 3; 62
620; "change"; 66; 43; 3; 62
621; "change"; 66; 89; 3; 62
622; "change"; 66; 93; 3; 62
623; "change"; 66; 105; 3; 62
624; "change"; 66; 115; 3; 62
625; "change"; 66; 125; 3; 62
626; "change"; 66; 129; 3; 62
627; "change"; 66; 139; 3; 62
628; "change"; 66; 149; 3; 62
629; "change"; 68; 3; 3; 62
630; "change"; 68; 9; 3; 62
631; "change"; 68; 15; 3; 62
632; "change"; 68; 23; 3; 62
633; "change"; 68; 29; 3; 62
634; "change"; 68; 35; 3; 62
635; "change"; 68; 79; 3; 62
636; "change"; 68; 83; 3; 62
637; "change"; 68; 91; 3; 62
638; "change"; 68; 99; 3; 62
639; "change"; 68; 109; 3; 62
640; "change"; 68; 119; 3; 62
641; "change"; 68; 135; 3; 62
642; "change"; 68; 145; 3; 62
643; "change"; 68; 155; 3; 62
644; "change"; 70; 5; 3; 62
645; "change"; 70; 11; 3; 62
646; "change"; 70; 17; 3; 62
647; "change"; 70; 21; 3; 62
648; "change"; 70; 27; 3; 62
649; "change"; 70; 33; 3; 62
650; "change"; 70; 41; 3; 62
651; "change"; 70; 43; 3; 62
652; "change"; 70; 89; 3; 62
653; "change"; 70; 93; 3; 62
654; "change"; 70; 105; 3; 62
655; "change"; 70; 115; 3; 62
656; "change"; 70; 125; 3; 62
657; "change"; 70; 129; 3; 62
658; "change"; 70; 139; 3; 62
659; "change"; 70; 149; 3; 62
660; "change"; 72; 3; 3; 62
661; "change"; 72; 9; 3; 62
662; "change"; 72; 15; 3; 62
663; "change"; 72; 23; 3; 62
664; "change"; 72; 29; 3; 62
665; "change"; 72; 35; 3; 62
666; "change"; 72; 79; 3; 62
667; "change"; 72; 83; 3; 62
668; "change"; 72; 91; 3; 62
669; "change"; 72; 99; 3; 62
670; "change"; 72; 109; 3; 62
671; "change"; 72; 119; 3; 62
672; "change"; 72; 135; 3; 62
673; "change"; 72; 145; 3; 62
674; "change"; 72; 155; 3; 62
675; "change"; 74; 5; 3; 62
676; "change"; 74; 11; 3; 62
677; "change"; 74; 17; 3; 62
678; "change"; 74; 21; 3; 62
679; "change"; 74; 27; 3; 62
680; "change"; 74; 33; 3; 62
681; "change"; 74; 41; 3; 62
682; "change"; 74; 43; 3; 62
683; "change"; 74; 89; 3; 62
684; "change"; 74; 93; 3; 62
685; "change"; 74; 105; 3; 62
686; "change"; 74; 115; 3; 62
687; "change"; 74; 125; 3; 62
688; "change"; 74; 129; 3; 62
689; "change"; 74; 139; 3; 62
690; "change"; 74; 149; 3; 62
691; "change"; 76; 3; 3; 62
692; "change"; 76; 9; 3; 62
693; "change"; 76; 15; 3; 62
694; "change"; 76; 23; 3; 62
695; "change"; 76; 29; 3; 62
696; "change"; 76; 35; 3; 62
697; "change"; 76; 79; 3; 62
698; "change"; 76; 83; 3; 62
699; "change"; 76; 91; 3; 62
700; "change"; 76; 99; 3; 62
701; "change"; 76; 109; 3; 62
702; "change"; 76; 119; 3; 62
703; "change"; 76; 135; 3; 62
704; "change"; 76; 145; 3; 62
705; "change"; 76; 155; 3; 62
706; "change"; 78; 3; 3; 62
707; "change"; 78; 9; 3; 62
708; "change"; 78; 15; 3; 62
709; "change"; 78; 23; 3; 62
710; "change"; 78; 29; 3; 62
711; "change"; 78; 35; 3; 62
712; "change"; 78; 45; 3; 62
713; "change"; 78; 49; 3; 62
714; "change"; 78; 53; 3; 62
715; "change"; 78; 57; 3; 62
716; "change"; 78; 91; 3; 62
717; "change"; 78; 99; 3; 62
718; "change"; 78; 109; 3; 62
719; "change"; 78; 119; 3; 62
720; "change"; 78; 135; 3; 62
721; "change"; 78; 145; 3; 62
722; "change"; 78; 155; 3; 62
723; "change"; 80; 85; 3; 62
724; "change"; 80; 101; 3; 62
725; "change"; 80; 111; 3; 62
726; "change"; 80; 121; 3; 62
727; "change"; 80; 133; 3; 62
728; "change"; 80; 143; 3; 62
729; "change"; 80; 153; 3; 62
730; "change"; 82; 3; 3; 62
731; "change"; 82; 9; 3; 62
732; "change"; 82; 15; 3; 62
733; "change"; 82; 23; 3; 62
734; "change"; 82; 29; 3; 62
735; "change"; 82; 35; 3; 62
736; "change"; 82; 45; 3; 62
737; "change"; 82; 49; 3; 62
738; "change"; 82; 53; 3; 62
739; "change"; 82; 57; 3; 62
740; "change"; 82; 91; 3; 62
741; "change"; 82; 99; 3; 62
742; "change"; 82; 109; 3; 62
743; "change"; 82; 119; 3; 62
744; "change"; 82; 135; 3; 62
745; "change"; 82; 145; 3; 62
746; "change"; 82; 155; 3; 62
747; "change"; 84; 1; 3; 62
748; "change"; 84; 7; 3; 62
749; "change"; 84; 13; 3; 62
750; "change"; 86; 37; 3; 62
751; "change"; 86; 39; 3; 62
752; "change"; 86; 61; 3; 62
753; "change"; 86; 65; 3; 62
754; "change"; 86; 69; 3; 62
755; "change"; 86; 73; 3; 62
756; "change"; 86; 103; 3; 62
757; "change"; 86; 113; 3; 62
758; "change"; 86; 123; 3; 62
759; "change"; 86; 131; 3; 62
760; "change"; 86; 141; 3; 62
761; "change"; 86; 151; 3; 62
762; "change"; 88; 5; 3; 62
763; "change"; 88; 11; 3; 62
764; "change"; 88; 17; 3; 62
765; "change"; 88; 21; 3; 62
766; "change"; 88; 27; 3; 62
767; "change"; 88; 33; 3; 62
768; "change"; 88; 41; 3; 62
769; "change"; 88; 43; 3; 62
770; "change"; 88; 47; 3; 62
771; "change"; 88; 51; 3; 62
772; "change"; 88; 55; 3; 62
773; "change"; 88; 59; 3; 62
774; "change"; 88; 63; 3; 62
775; "change"; 88; 67; 3; 62
776; "change"; 88; 71; 3; 62
777; "change"; 88; 75; 3; 62
778; "change"; 88; 105; 3; 62
779; "change"; 88; 115; 3; 62
780; "change"; 88; 125; 3; 62
781; "change"; 88; 129; 3; 62
782; "change"; 88; 139; 3; 62
783; "change"; 88; 149; 3; 62
784; "change"; 90; 3; 3; 62
785; "change"; 90; 9; 3; 62
786; "change"; 90; 15; 3; 62
787; "change"; 90; 23; 3; 62
788; "change"; 90; 29; 3; 62
789; "change"; 90; 35; 3; 62
790; "change"; 90; 45; 3; 62
791; "change"; 90; 49; 3; 62
792; "change"; 90; 53; 3; 62
793; "change"; 90; 57; 3; 62
794; "change"; 90; 79; 3; 62
795; "change"; 90; 83; 3; 62
796; "change"; 90; 99; 3; 62
797; "change"; 90; 109; 3; 62
798; "change"; 90; 119; 3; 62
799; "change"; 90; 135; 3; 62
800; "change"; 90; 145; 3; 62
801; "change"; 90; 155; 3; 62
802; "change"; 92; 5; 3; 62
803; "change"; 92; 11; 3; 62
804; "change"; 92; 17; 3; 62
805; "change"; 92; 21; 3; 62
806; "change"; 92; 27; 3; 62
807; "change"; 92; 33; 3; 62
808; "change"; 92; 41; 3; 62
809; "change"; 92; 43; 3; 62
810; "change"; 92; 47; 3; 62
811; "change"; 92; 51; 3; 62
812; "change"; 92; 55; 3; 62
813; "change"; 92; 59; 3; 62
814; "change"; 92; 63; 3; 62
815; "change"; 92; 67; 3; 62
816; "change"; 92; 71; 3; 62
817; "change"; 92; 75; 3; 62
818; "change"; 92; 105; 3; 62
819; "change"; 92; 115; 3; 62
820; "change"; 92; 125; 3; 62
821; "change"; 92; 129; 3; 62
822; "change"; 92; 139; 3; 62
823; "change"; 92; 149; 3; 62
824; "change"; 94; 37; 3; 62
825; "change"; 94; 39; 3; 62
826; "change"; 94; 61; 3; 62
827; "change"; 94; 65; 3; 62
828; "change"; 94; 69; 3; 62
829; "change"; 94; 73; 3; 62
830; "change"; 94; 103; 3; 62
831; "change"; 94; 113; 3; 62
832; "change"; 94; 123; 3; 62
833; "change"; 94; 131; 3; 62
834; "change"; 94; 141; 3; 62
835; "change"; 94; 151; 3; 62
836; "change"; 96; 81; 3; 62
837; "change"; 96; 101; 3; 62
838; "change"; 96; 111; 3; 62
839; "change"; 96; 121; 3; 62
840; "change"; 96; 133; 3; 62
841; "change"; 96; 143; 3; 62
842; "change"; 96; 153; 3; 62
843; "change"; 98; 3; 3; 62
844; "change"; 98; 9; 3; 62
845; "change"; 98; 15; 3; 62
846; "change"; 98; 23; 3; 62
847; "change"; 98; 29; 3; 62
848; "change"; 98; 35; 3; 62
849; "change"; 98; 45; 3; 62
850; "change"; 98; 49; 3; 62
851; "change"; 98; 53; 3; 62
852; "change"; 98; 57; 3; 62
853; "change"; 98; 79; 3; 62
854; "change"; 98; 83; 3; 62
855; "change"; 98; 91; 3; 62
856; "change"; 100; 81; 3; 62
857; "change"; 100; 85; 3; 62
858; "change"; 102; 37; 3; 62
859; "change"; 102; 39; 3; 62
860; "change"; 102; 61; 3; 62
861; "change"; 102; 65; 3; 62
862; "change"; 102; 69; 3; 62
863; "change"; 102; 73; 3; 62
864; "change"; 102; 87; 3; 62
865; "change"; 102; 95; 3; 62
866; "change"; 104; 5; 3; 62
867; "change"; 104; 11; 3; 62
868; "change"; 104; 17; 3; 62
869; "change"; 104; 21; 3; 62
870; "change"; 104; 27; 3; 62
871; "change"; 104; 33; 3; 62
872; "change"; 104; 41; 3; 62
873; "change"; 104; 43; 3; 62
874; "change"; 104; 47; 3; 62
875; "change"; 104; 51; 3; 62
876; "change"; 104; 55; 3; 62
877; "change"; 104; 59; 3; 62
878; "change"; 104; 63; 3; 62
879; "change"; 104; 67; 3; 62
880; "change"; 104; 71; 3; 62
881; "change"; 104; 75; 3; 62
882; "change"; 104; 89; 3; 62
883; "change"; 104; 93; 3; 62
884; "change"; 108; 3; 3; 62
885; "change"; 108; 9; 3; 62
886; "change"; 108; 15; 3; 62
887; "change"; 108; 23; 3; 62
888; "change"; 108; 29; 3; 62
889; "change"; 108; 35; 3; 62
890; "change"; 108; 45; 3; 62
891; "change"; 108; 49; 3; 62
892; "change"; 108; 53; 3; 62
893; "change"; 108; 57; 3; 62
894; "change"; 108; 79; 3; 62
895; "change"; 108; 83; 3; 62
896; "change"; 108; 91; 3; 62
897; "change"; 110; 81; 3; 62
898; "change"; 110; 85; 3; 62
899; "change"; 112; 37; 3; 62
900; "change"; 112; 39; 3; 62
901; "change"; 112; 61; 3; 62
902; "change"; 112; 65; 3; 62
903; "change"; 112; 69; 3; 62
904; "change"; 112; 73; 3; 62
905; "change"; 112; 87; 3; 62
906; "change"; 112; 95; 3; 62
907; "change"; 114; 5; 3; 62
908; "change"; 114; 11; 3; 62
909; "change"; 114; 17; 3; 62
910; "change"; 114; 21; 3; 62
911; "change"; 114; 27; 3; 62
912; "change"; 114; 33; 3; 62
913; "change"; 114; 41; 3; 62
914; "change"; 114; 43; 3; 62
915; "change"; 114; 47; 3; 62
916; "change"; 114; 51; 3; 62
917; "change"; 114; 55; 3; 62
918; "change"; 114; 59; 3; 62
919; "change"; 114; 63; 3; 62
920; "change"; 114; 67; 3; 62
921; "change"; 114; 71; 3; 62
922; "change"; 114; 75; 3; 62
923; "change"; 114; 89; 3; 62
924; "change"; 114; 93; 3; 62
925; "change"; 118; 3; 3; 62
926; "change"; 118; 9; 3; 62
927; "change"; 118; 15; 3; 62
928; "change"; 118; 23; 3; 62
929; "change"; 118; 29; 3; 62
930; "change"; 118; 35; 3; 62
931; "change"; 118; 45; 3; 62
932; "change"; 118; 49; 3; 62
933; "change"; 118; 53; 3; 62
934; "change"; 118; 57; 3; 62
935; "change"; 118; 79; 3; 62
936; "change"; 118; 83; 3; 62
937; "change"; 118; 91; 3; 62
938; "change"; 120; 81; 3; 62
939; "change"; 120; 85; 3; 62
940; "change"; 122; 37; 3; 62
941; "change"; 122; 39; 3; 62
942; "change"; 122; 61; 3; 62
943; "change"; 122; 65; 3; 62
944; "change"; 122; 69; 3; 62
945; "change"; 122; 73; 3; 62
946; "change"; 122; 87; 3; 62
947; "change"; 122; 95; 3; 62
948; "change"; 124; 5; 3; 62
949; "change"; 124; 11; 3; 62
950; "change"; 124; 17; 3; 62
951; "change"; 124; 21; 3; 62
952; "change"; 124; 27; 3; 62
953; "change"; 124; 33; 3; 62
954; "change"; 124; 41; 3; 62
955; "change"; 124; 43; 3; 62
956; "change"; 124; 47; 3; 62
957; "change"; 124; 51; 3; 62
958; "change"; 124; 55; 3; 62
959; "change"; 124; 59; 3; 62
960; "change"; 124; 63; 3; 62
961; "change"; 124; 67; 3; 62
962; "change"; 124; 71; 3; 62
963; "change"; 124; 75; 3; 62
964; "change"; 124; 89; 3; 62
965; "change"; 124; 93; 3; 62
966; "change"; 128; 5; 3; 62
967; "change"; 128; 11; 3; 62
968; "change"; 128; 17; 3; 62
969; "change"; 128; 21; 3; 62
970; "change"; 128; 27; 3; 62
971; "change"; 128; 33; 3; 62
972; "change"; 128; 41; 3; 62
973; "change"; 128; 43; 3; 62
974; "change"; 128; 47; 3; 62
975; "change"; 128; 51; 3; 62
976; "change"; 128; 55; 3; 62
977; "change"; 128; 59; 3; 62
978; "change"; 128; 63; 3; 62
979; "change"; 128; 67; 3; 62
980; "change"; 128; 71; 3; 62
981; "change"; 128; 75; 3; 62
982; "change"; 128; 89; 3; 62
983; "change"; 128; 93; 3; 62
984; "change"; 130; 37; 3; 62
985; "change"; 130; 39; 3; 62
986; "change"; 130; 61; 3; 62
987; "change"; 130; 65; 3; 62
988; "change"; 130; 69; 3; 62
989; "change"; 130; 73; 3; 62
990; "change"; 130; 87; 3; 62
991; "change"; 130; 95; 3; 62
992; "change"; 132; 81; 3; 62
993; "change"; 132; 85; 3; 62
994; "change"; 134; 3; 3; 62
995; "change"; 134; 9; 3; 62
996; "change"; 134; 15; 3; 62
997; "change"; 134; 23; 3; 62
998; "change"; 134; 29; 3; 62
999; "change"; 134; 35; 3; 62
1000; "change"; 134; 45; 3; 62
1001; "change"; 134; 49; 3; 62
1002; "change"; 134; 53; 3; 62
1003; "change"; 134; 57; 3; 62
1004; "change"; 134; 79; 3; 62
1005; "change"; 134; 83; 3; 62
1006; "change"; 134; 91; 3; 62
1007; "change"; 138; 5; 3; 62
1008; "change"; 138; 11; 3; 62
1009; "change"; 138; 17; 3; 62
1010; "change"; 138; 21; 3; 62
1011; "change"; 138; 27; 3; 62
1012; "change"; 138; 33; 3; 62
1013; "change"; 138; 41; 3; 62
1014; "change"; 138; 43; 3; 62
1015; "change"; 138; 47; 3; 62
1016; "change"; 138; 51; 3; 62
1017; "change"; 138; 55; 3; 62
1018; "change"; 138; 59; 3; 62
1019; "change"; 138; 63; 3; 62
1020; "change"; 138; 67; 3; 62
1021; "change"; 138; 71; 3; 62
1022; "change"; 138; 75; 3; 62
1023; "change"; 138; 89; 3; 62
1024; "change"; 138; 93; 3; 62
1025; "change"; 140; 37; 3; 62
1026; "change"; 140; 39; 3; 62
1027; "change"; 140; 61; 3; 62
1028; "change"; 140; 65; 3; 62
1029; "change"; 140; 69; 3; 62
1030; "change"; 140; 73; 3; 62
1031; "change"; 140; 87; 3; 62
1032; "change"; 140; 95; 3; 62
1033; "change"; 142; 81; 3; 62
1034; "change"; 142; 85; 3; 62
1035; "change"; 144; 3; 3; 62
1036; "change"; 144; 9; 3; 62
1037; "change"; 144; 15; 3; 62
1038; "change"; 144; 23; 3; 62
1039; "change"; 144; 29; 3; 62
1040; "change"; 144; 35; 3; 62
1041; "change"; 144; 45; 3; 62
1042; "change"; 144; 49; 3; 62
1043; "change"; 144; 53; 3; 62
1044; "change"; 144; 57; 3; 62
1045; "change"; 144; 79; 3; 62
1046; "change"; 144; 83; 3; 62
1047; "change"; 144; 91; 3; 62
1048; "change"; 148; 5; 3; 62
1049; "change"; 148; 11; 3; 62
1050; "change"; 148; 17; 3; 62
1051; "change"; 148; 21; 3; 62
1052; "change"; 148; 27; 3; 62
1053; "change"; 148; 33; 3; 62
1054; "change"; 148; 41; 3; 62
1055; "change"; 148; 43; 3; 62
1056; "change"; 148; 47; 3; 62
1057; "change"; 148; 51; 3; 62
1058; "change"; 148; 55; 3; 62
1059; "change"; 148; 59; 3; 62
1060; "change"; 148; 63; 3; 62
1061; "change"; 148; 67; 3; 62
1062; "change"; 148; 71; 3; 62
1063; "change"; 148; 75; 3; 62
1064; "change"; 148; 89; 3; 62
1065; "change"; 148; 93; 3; 62
1066; "change"; 150; 37; 3; 62
1067; "change"; 150; 39; 3; 62
1068; "change"; 150; 61; 3; 62
1069; "change"; 150; 65; 3; 62
1070; "change"; 150; 69; 3; 62
1071; "change"; 150; 73; 3; 62
1072; "change"; 150; 87; 3; 62
1073; "change"; 150; 95; 3; 62
1074; "change"; 152; 81; 3; 62
1075; "change"; 152; 85; 3; 62
1076; "change"; 154; 3; 3; 62
1077; "change"; 154; 9; 3; 62
1078; "change"; 154; 15; 3; 62
1079; "change"; 154; 23; 3; 62
1080; "change"; 154; 29; 3; 62
1081; "change"; 154; 35; 3; 62
1082; "change"; 154; 45; 3; 62
1083; "change"; 154; 49; 3; 62
1084; "change"; 154; 53; 3; 62
1085; "change"; 154; 57; 3; 62
1086; "change"; 154; 79; 3; 62
1087; "change"; 154; 83; 3; 62
1088; "change"; 154; 91; 3; 62
